"","mpg","cyl"
"mpg",1,-0.852161959426613
"cyl",-0.852161959426613,1
